Date, Romney, RomneyAbortion, RomneyEconomy, RomneyHealthcare18-Feb-12,583724,7833,9738,377919-Feb-12,574920,7790,9741,374020-Feb-12,581324,8025,9860,375821-Feb-12,581479,7943,9724,373222-Feb-12,575794,8028,9459,373123-Feb-12,574015,8118,9571,373624-Feb-12,576014,8002,9602,368825-Feb-12,569936,7985,9511,374526-Feb-12,569062,8029,9702,370627-Feb-12,570811,7942,9511,372328-Feb-12,565248,7995,9490,371829-Feb-12,562600,8026,9672,36861-Mar-12,554638,8148,9417,36672-Mar-12,553583,8205,9467,36793-Mar-12,538297,8195,9601,34854-Mar-12,552810,8181,9376,35815-Mar-12,550009,8239,9375,36326-Mar-12,549611,8253,9412,36337-Mar-12,542298,8233,9331,35178-Mar-12,540997,8371,9445,35519-Mar-12,534272,8434,9299,353210-Mar-12,535374,8606,9160,352911-Mar-12,535045,8608,9307,357912-Mar-12,533939,8648,9318,353113-Mar-12,531882,8804,9317,350014-Mar-12,527170,8852,9138,346815-Mar-12,509200,8749,9120,343416-Mar-12,523953,8836,9099,326017-Mar-12,525420,8761,9288,347418-Mar-12,526700,8771,8846,348419-Mar-12,519983,8435,9206,341120-Mar-12,517548,8743,9203,346521-Mar-12,512832,8841,9126,347022-Mar-12,508509,9003,9066,342923-Mar-12,510995,8987,8993,337324-Mar-12,510120,9116,9085,338725-Mar-12,504704,9375,9073,327426-Mar-12,504913,9323,9022,330427-Mar-12,507304,9321,9022,332028-Mar-12,502382,9273,9033,327829-Mar-12,499029,9319,8943,325230-Mar-12,486611,9360,8829,326931-Mar-12,497299,9273,9029,32661-Apr-12,500095,9366,8939,32412-Apr-12,495647,9356,9104,31973-Apr-12,497105,9338,8625,32774-Apr-12,491347,9265,8800,32555-Apr-12,486674,9512,8842,31796-Apr-12,487755,9647,8986,32567-Apr-12,487862,9642,8880,32968-Apr-12,484116,9635,8788,32949-Apr-12,482778,9695,8368,342810-Apr-12,474934,9701,8622,337011-Apr-12,479794,9652,8612,338912-Apr-12,474542,9627,8813,335513-Apr-12,472365,9627,8605,338614-Apr-12,469371,9668,8663,340315-Apr-12,471341,9652,8654,338216-Apr-12,465066,9593,8519,348117-Apr-12,462380,9362,8501,346018-Apr-12,459434,9515,7978,350819-Apr-12,453652,9495,8119,349220-Apr-12,453573,9663,8222,358821-Apr-12,445290,9526,8071,359822-Apr-12,447743,9523,8469,341823-Apr-12,426447,9625,8281,365724-Apr-12,446176,9611,7949,371025-Apr-12,441757,9599,7773,375226-Apr-12,443363,9552,8168,390527-Apr-12,419831,9436,8150,385928-Apr-12,438190,9582,7806,393929-Apr-12,437366,9604,7985,384730-Apr-12,436778,9635,8083,40771-May-12,433307,9640,8045,43042-May-12,430635,9634,8001,43913-May-12,416713,9619,8046,43984-May-12,422889,9615,7824,43965-May-12,424333,9607,7758,44446-May-12,422751,9512,7692,44187-May-12,421713,9613,7591,44138-May-12,411408,9496,7380,46389-May-12,416488,9489,7541,469110-May-12,413692,9493,7555,481811-May-12,406122,9463,7645,492112-May-12,407404,9477,7327,495313-May-12,402298,9531,7386,497214-May-12,403781,9222,7287,504115-May-12,403156,9538,7060,508016-May-12,399257,9396,7163,515717-May-12,395036,9520,7032,513118-May-12,392788,9519,7147,519219-May-12,391487,9392,6985,519320-May-12,393618,9471,7001,525821-May-12,391527,9369,7038,518022-May-12,389701,9455,7069,518023-May-12,388748,9488,6692,523824-May-12,385005,9356,6753,526925-May-12,384313,9347,6786,528126-May-12,382697,9413,6694,531527-May-12,379811,9428,6675,522628-May-12,379391,9402,6809,532729-May-12,378100,9413,6578,531630-May-12,371954,9273,6511,523931-May-12,357499,9335,6672,50791-Jun-12,367140,9254,6472,54262-Jun-12,370100,9223,6423,54893-Jun-12,365846,9306,6250,54304-Jun-12,364090,9210,6211,54375-Jun-12,362579,9183,6170,54046-Jun-12,353821,9278,6290,54357-Jun-12,355734,9154,6119,54078-Jun-12,358268,8964,6097,54439-Jun-12,354102,9241,5969,540310-Jun-12,354105,9154,5974,542611-Jun-12,353768,9128,5855,548712-Jun-12,350384,9213,5588,540113-Jun-12,349615,9105,5775,540514-Jun-12,346537,9196,5369,537515-Jun-12,344182,9189,5439,528316-Jun-12,343449,9093,5412,528617-Jun-12,340870,9185,5368,532718-Jun-12,338845,9083,5283,527719-Jun-12,337554,9149,5239,528720-Jun-12,333812,9072,5270,528821-Jun-12,332508,9141,5175,529522-Jun-12,330436,9139,5138,521723-Jun-12,328509,9028,5077,520224-Jun-12,327718,9134,4844,530125-Jun-12,325239,9129,4710,518526-Jun-12,324051,9106,4900,519627-Jun-12,322025,9081,4969,512828-Jun-12,319539,8777,4818,487229-Jun-12,316806,8942,4876,453330-Jun-12,317274,8952,4827,45111-Jul-12,315644,8921,4686,44602-Jul-12,314652,9006,4956,43853-Jul-12,311738,8958,4687,42554-Jul-12,309040,8936,4736,41725-Jul-12,307850,8832,4780,40556-Jul-12,304130,8804,4472,39617-Jul-12,303546,8811,4536,39038-Jul-12,301526,8859,4529,38749-Jul-12,299187,8741,4465,385510-Jul-12,295221,8582,4490,380511-Jul-12,291174,8700,4356,372912-Jul-12,286608,8547,4324,366213-Jul-12,281502,8714,4287,365614-Jul-12,277030,8195,4223,357115-Jul-12,272666,8577,3887,361116-Jul-12,268423,8646,3889,359917-Jul-12,264467,8531,3889,358018-Jul-12,259556,8609,3836,359219-Jul-12,254486,8598,3833,356120-Jul-12,250913,8592,3809,356321-Jul-12,249044,8576,3529,354322-Jul-12,247787,8562,3766,351923-Jul-12,247001,8466,3728,351224-Jul-12,241788,8417,3584,350225-Jul-12,238216,8484,3434,348626-Jul-12,235680,8377,3388,345827-Jul-12,229053,8121,3383,345728-Jul-12,226718,8341,3575,344429-Jul-12,219212,8331,3518,343030-Jul-12,219319,8318,3499,338931-Jul-12,214950,8309,3982,32911-Aug-12,209742,8278,4871,32302-Aug-12,207013,8247,6438,32183-Aug-12,201514,8352,7472,31834-Aug-12,199421,8135,8342,31635-Aug-12,197979,8341,9535,31246-Aug-12,194097,8230,9984,31407-Aug-12,189816,8213,11199,31268-Aug-12,185811,8292,12054,30799-Aug-12,181395,8268,12487,299910-Aug-12,176709,8154,12731,293911-Aug-12,165212,8224,13164,286812-Aug-12,160753,8100,13405,270913-Aug-12,155607,8156,13026,283114-Aug-12,471412,8103,13908,276415-Aug-12,461119,8037,13700,256016-Aug-12,451085,7985,13673,261717-Aug-12,441947,7851,13453,254118-Aug-12,428675,7836,13166,250319-Aug-12,430842,7697,13182,245520-Aug-12,418279,7359,12685,242321-Aug-12,417401,6935,12512,240822-Aug-12,408870,6387,12593,235823-Aug-12,393732,5755,11972,230524-Aug-12,383831,4659,11624,222425-Aug-12,373895,4366,11191,218126-Aug-12,365461,3988,10911,209927-Aug-12,354281,3542,10543,201628-Aug-12,341869,2970,10063,195229-Aug-12,308302,2561,9562,185130-Aug-12,289120,2296,8791,177531-Aug-12,239263,1923,7862,15771-Sep-12,225874,1789,7462,14442-Sep-12,217124,1695,7292,14793-Sep-12,208677,1582,7047,14414-Sep-12,193611,1441,5678,13725-Sep-12,168644,1100,4719,12196-Sep-12,279876,948,4083,11297-Sep-12,229338,720,3176,9968-Sep-12,206007,598,2665,9529-Sep-12,167845,466,2133,73610-Sep-12,135264,290,1627,43811-Sep-12,99649,159,1086,21412-Sep-12,53631,90,652,7913-Sep-12,53650,90,652,79